<?xml version="1.0" encoding="UTF-8"?>
<config date="1510911165141" transient="false">
	<site updateable="true" url="platform:/base/" enabled="true" policy="USER-EXCLUDE">
		<feature id="org.eclipse.ecf.filetransfer.feature" version="3.13.8.v20170715-2257" url="features/org.eclipse.ecf.filetransfer.feature_3.13.8.v20170715-2257/">
		</feature>
		<feature id="org.eclipse.ecf.core.feature" version="1.4.0.v20170516-2248" url="features/org.eclipse.ecf.core.feature_1.4.0.v20170516-2248/">
		</feature>
		<feature id="org.eclipse.equinox.p2.core.feature" version="1.4.1.v20170928-1405" url="features/org.eclipse.equinox.p2.core.feature_1.4.1.v20170928-1405/">
		</feature>
		<feature id="org.eclipse.e4.rcp" version="1.6.1.v20170928-1359" url="features/org.eclipse.e4.rcp_1.6.1.v20170928-1359/">
		</feature>
		<feature id="org.eclipse.ecf.core.ssl.feature" version="1.1.0.v20170110-1317" url="features/org.eclipse.ecf.core.ssl.feature_1.1.0.v20170110-1317/">
		</feature>
		<feature id="org.eclipse.ecf.filetransfer.httpclient4.ssl.feature" version="1.1.0.v20170110-1317" url="features/org.eclipse.ecf.filetransfer.httpclient4.ssl.feature_1.1.0.v20170110-1317/">
		</feature>
		<feature id="org.eclipse.emf.ecore" version="2.13.0.v20170609-0707" url="features/org.eclipse.emf.ecore_2.13.0.v20170609-0707/">
		</feature>
		<feature id="de.impala67.feature1" version="1.0.0.201711170932" url="features/de.impala67.feature1_1.0.0.201711170932/">
		</feature>
		<feature id="org.eclipse.ecf.filetransfer.httpclient4.feature" version="3.13.8.v20170715-2257" url="features/org.eclipse.ecf.filetransfer.httpclient4.feature_3.13.8.v20170715-2257/">
		</feature>
		<feature id="org.eclipse.emf.common" version="2.13.0.v20170609-0707" url="features/org.eclipse.emf.common_2.13.0.v20170609-0707/">
		</feature>
		<feature id="org.eclipse.ecf.filetransfer.ssl.feature" version="1.1.0.v20170110-1317" url="features/org.eclipse.ecf.filetransfer.ssl.feature_1.1.0.v20170110-1317/">
		</feature>
	</site>
</config>
